{"cameraMode":{"drawMode":0,"name":"Shaded","section":"Shading Mode"},"sceneLighting":true,"audioPlay":false,"sceneViewState":{"m_AlwaysRefresh":false,"showFog":true,"showSkybox":true,"showFlares":true,"showImageEffects":true,"showParticleSystems":true,"showVisualEffectGraphs":true,"m_FxEnabled":true},"in2DMode":false,"pivot":{"x":494.29022216796877,"y":446.7999267578125,"z":-57.35380554199219},"rotation":{"x":-0.04978913441300392,"y":0.002094578230753541,"z":-0.0001043680967995897,"w":-0.9987583756446838},"size":314.9026794433594,"orthographic":false}